{
    "APY": 0.19749381385302328,
    "liq_density": 4.067994938589778
}
