{
    "APY": 0.11070630593483057,
    "liq_density": 2.5073513763999764
}
